[
  {"id": 1, "prefecture_code": 13, "city_code": 13101, "prefecture_name": "東京都", "city_name": "千代田区", "prefecture_name_en": "Tokyo", "city_name_en": "Chiyoda"},
  {"id": 2, "prefecture_code": 13, "city_code": 13102, "prefecture_name": "東京都", "city_name": "中央区", "prefecture_name_en": "Tokyo", "city_name_en": "Chuo"},
  {"id": 3, "prefecture_code": 13, "city_code": 13103, "prefecture_name": "東京都", "city_name": "港区", "prefecture_name_en": "Tokyo", "city_name_en": "Minato"},
  {"id": 4, "prefecture_code": 13, "city_code": 13104, "prefecture_name": "東京都", "city_name": "新宿区", "prefecture_name_en": "Tokyo", "city_name_en": "Shinjuku"},
  {"id": 5, "prefecture_code": 13, "city_code": 13105, "prefecture_name": "東京都", "city_name": "文京区", "prefecture_name_en": "Tokyo", "city_name_en": "Bunkyo"},
  {"id": 6, "prefecture_code": 13, "city_code": 13106, "prefecture_name": "東京都", "city_name": "台東区", "prefecture_name_en": "Tokyo", "city_name_en": "Taito"},
  {"id": 7, "prefecture_code": 13, "city_code": 13107, "prefecture_name": "東京都", "city_name": "墨田区", "prefecture_name_en": "Tokyo", "city_name_en": "Sumida"},
  {"id": 8, "prefecture_code": 13, "city_code": 13108, "prefecture_name": "東京都", "city_name": "江東区", "prefecture_name_en": "Tokyo", "city_name_en": "Koto"},
  {"id": 9, "prefecture_code": 13, "city_code": 13109, "prefecture_name": "東京都", "city_name": "品川区", "prefecture_name_en": "Tokyo", "city_name_en": "Shinagawa"},
  {"id": 10, "prefecture_code": 13, "city_code": 13110, "prefecture_name": "東京都", "city_name": "目黒区", "prefecture_name_en": "Tokyo", "city_name_en": "Meguro"},
  {"id": 11, "prefecture_code": 13, "city_code": 13111, "prefecture_name": "東京都", "city_name": "大田区", "prefecture_name_en": "Tokyo", "city_name_en": "Ota"},
  {"id": 12, "prefecture_code": 13, "city_code": 13112, "prefecture_name": "東京都", "city_name": "世田谷区", "prefecture_name_en": "Tokyo", "city_name_en": "Setagaya"},
  {"id": 13, "prefecture_code": 13, "city_code": 13113, "prefecture_name": "東京都", "city_name": "渋谷区", "prefecture_name_en": "Tokyo", "city_name_en": "Shibuya"},
  {"id": 14, "prefecture_code": 13, "city_code": 13114, "prefecture_name": "東京都", "city_name": "中野区", "prefecture_name_en": "Tokyo", "city_name_en": "Nakano"},
  {"id": 15, "prefecture_code": 13, "city_code": 13115, "prefecture_name": "東京都", "city_name": "杉並区", "prefecture_name_en": "Tokyo", "city_name_en": "Suginami"},
  {"id": 16, "prefecture_code": 13, "city_code": 13116, "prefecture_name": "東京都", "city_name": "豊島区", "prefecture_name_en": "Tokyo", "city_name_en": "Toshima"},
  {"id": 17, "prefecture_code": 13, "city_code": 13117, "prefecture_name": "東京都", "city_name": "北区", "prefecture_name_en": "Tokyo", "city_name_en": "Kita"},
  {"id": 18, "prefecture_code": 13, "city_code": 13118, "prefecture_name": "東京都", "city_name": "荒川区", "prefecture_name_en": "Tokyo", "city_name_en": "Arakawa"},
  {"id": 19, "prefecture_code": 13, "city_code": 13119, "prefecture_name": "東京都", "city_name": "板橋区", "prefecture_name_en": "Tokyo", "city_name_en": "Itabashi"},
  {"id": 20, "prefecture_code": 13, "city_code": 13120, "prefecture_name": "東京都", "city_name": "練馬区", "prefecture_name_en": "Tokyo", "city_name_en": "Nerima"},
  {"id": 21, "prefecture_code": 13, "city_code": 13121, "prefecture_name": "東京都", "city_name": "足立区", "prefecture_name_en": "Tokyo", "city_name_en": "Adachi"},
  {"id": 22, "prefecture_code": 13, "city_code": 13122, "prefecture_name": "東京都", "city_name": "葛飾区", "prefecture_name_en": "Tokyo", "city_name_en": "Katsushika"},
  {"id": 23, "prefecture_code": 13, "city_code": 13123, "prefecture_name": "東京都", "city_name": "江戸川区", "prefecture_name_en": "Tokyo", "city_name_en": "Edogawa"},
  {"id": 24, "prefecture_code": 14, "city_code": 14100, "prefecture_name": "神奈川県", "city_name": "横浜市", "prefecture_name_en": "Kanagawa", "city_name_en": "Yokohama"},
  {"id": 25, "prefecture_code": 14, "city_code": 14130, "prefecture_name": "神奈川県", "city_name": "川崎市", "prefecture_name_en": "Kanagawa", "city_name_en": "Kawasaki"},
  {"id": 26, "prefecture_code": 14, "city_code": 14150, "prefecture_name": "神奈川県", "city_name": "相模原市", "prefecture_name_en": "Kanagawa", "city_name_en": "Sagamihara"},
  {"id": 27, "prefecture_code": 11, "city_code": 11100, "prefecture_name": "埼玉県", "city_name": "さいたま市", "prefecture_name_en": "Saitama", "city_name_en": "Saitama"},
  {"id": 28, "prefecture_code": 12, "city_code": 12100, "prefecture_name": "千葉県", "city_name": "千葉市", "prefecture_name_en": "Chiba", "city_name_en": "Chiba"},
  {"id": 29, "prefecture_code": 12, "city_code": 12204, "prefecture_name": "千葉県", "city_name": "船橋市", "prefecture_name_en": "Chiba", "city_name_en": "Funabashi"},
  {"id": 30, "prefecture_code": 27, "city_code": 27100, "prefecture_name": "大阪府", "city_name": "大阪市", "prefecture_name_en": "Osaka", "city_name_en": "Osaka"},
  {"id": 31, "prefecture_code": 27, "city_code": 27140, "prefecture_name": "大阪府", "city_name": "堺市", "prefecture_name_en": "Osaka", "city_name_en": "Sakai"},
  {"id": 32, "prefecture_code": 23, "city_code": 23100, "prefecture_name": "愛知県", "city_name": "名古屋市", "prefecture_name_en": "Aichi", "city_name_en": "Nagoya"},
  {"id": 33, "prefecture_code": 1, "city_code": 1100, "prefecture_name": "北海道", "city_name": "札幌市", "prefecture_name_en": "Hokkaido", "city_name_en": "Sapporo"},
  {"id": 34, "prefecture_code": 40, "city_code": 40100, "prefecture_name": "福岡県", "city_name": "福岡市", "prefecture_name_en": "Fukuoka", "city_name_en": "Fukuoka"},
  {"id": 35, "prefecture_code": 40, "city_code": 40130, "prefecture_name": "福岡県", "city_name": "北九州市", "prefecture_name_en": "Fukuoka", "city_name_en": "Kitakyushu"},
  {"id": 36, "prefecture_code": 28, "city_code": 28100, "prefecture_name": "兵庫県", "city_name": "神戸市", "prefecture_name_en": "Hyogo", "city_name_en": "Kobe"},
  {"id": 37, "prefecture_code": 26, "city_code": 26100, "prefecture_name": "京都府", "city_name": "京都市", "prefecture_name_en": "Kyoto", "city_name_en": "Kyoto"},
  {"id": 38, "prefecture_code": 34, "city_code": 34100, "prefecture_name": "広島県", "city_name": "広島市", "prefecture_name_en": "Hiroshima", "city_name_en": "Hiroshima"},
  {"id": 39, "prefecture_code": 4, "city_code": 4100, "prefecture_name": "宮城県", "city_name": "仙台市", "prefecture_name_en": "Miyagi", "city_name_en": "Sendai"},
  {"id": 40, "prefecture_code": 15, "city_code": 15100, "prefecture_name": "新潟県", "city_name": "新潟市", "prefecture_name_en": "Niigata", "city_name_en": "Niigata"},
  {"id": 41, "prefecture_code": 22, "city_code": 22100, "prefecture_name": "静岡県", "city_name": "静岡市", "prefecture_name_en": "Shizuoka", "city_name_en": "Shizuoka"},
  {"id": 42, "prefecture_code": 22, "city_code": 22130, "prefecture_name": "静岡県", "city_name": "浜松市", "prefecture_name_en": "Shizuoka", "city_name_en": "Hamamatsu"},
  {"id": 43, "prefecture_code": 33, "city_code": 33100, "prefecture_name": "岡山県", "city_name": "岡山市", "prefecture_name_en": "Okayama", "city_name_en": "Okayama"},
  {"id": 44, "prefecture_code": 43, "city_code": 43100, "prefecture_name": "熊本県", "city_name": "熊本市", "prefecture_name_en": "Kumamoto", "city_name_en": "Kumamoto"},
  {"id": 45, "prefecture_code": 46, "city_code": 46100, "prefecture_name": "鹿児島県", "city_name": "鹿児島市", "prefecture_name_en": "Kagoshima", "city_name_en": "Kagoshima"},
  {"id": 46, "prefecture_code": 8, "city_code": 8201, "prefecture_name": "茨城県", "city_name": "水戸市", "prefecture_name_en": "Ibaraki", "city_name_en": "Mito"},
  {"id": 47, "prefecture_code": 20, "city_code": 20201, "prefecture_name": "長野県", "city_name": "長野市", "prefecture_name_en": "Nagano", "city_name_en": "Nagano"},
  {"id": 48, "prefecture_code": 37, "city_code": 37201, "prefecture_name": "香川県", "city_name": "高松市", "prefecture_name_en": "Kagawa", "city_name_en": "Takamatsu"},
  {"id": 49, "prefecture_code": 47, "city_code": 47201, "prefecture_name": "沖縄県", "city_name": "那覇市", "prefecture_name_en": "Okinawa", "city_name_en": "Naha"},
  {"id": 50, "prefecture_code": 19, "city_code": 19201, "prefecture_name": "山梨県", "city_name": "甲府市", "prefecture_name_en": "Yamanashi", "city_name_en": "Kofu"}
]
